"Número de identificação do ativo de vídeo","Identificação do vídeo universal","Identificação da Página","Nome da Página",Título,"Duração (s)","Horário de publicação","Rótulos personalizados","Comentário de dados",Data,Alcance,"Visualizações de 3 segundos do vídeo","Visualizações do vídeo de 1 minuto","Segundos de visualização","Média de Segundos de visualização","Visualizadores de 3 segundos","Visualizadores de 1 minuto","Visualizações do vídeo de 3 segundos de Posts turbinados","Visualizações do vídeo de 3 segundos de Posts orgânicos","Reações, comentários e compartilhamentos",Reações,Comentários,Compartilhamentos,"Segundos de visualização de Recomendações","Segundos de visualização de Seguidores","Média de Segundos de visualização de Recomendações","Média de Segundos de visualização de Compartilhamentos","Média de Segundos de visualização de Seguidores","Média de Segundos de visualização de Posts turbinados","Ganhos estimados (USD)","CPM do anúncio (USD)","Impressões do anúncio","Visualizações do vídeo de Seguidores por no mínimo 1 minuto","Visualizações do vídeo de Recomendações por no mínimo 1 minuto"
1609914286752089,,606604395858804,"Mega Eletrônicos Paraguai",,65,"04/22/2026 14:39",,,04/16/2026,0,0,0,0,0,0,0,0,0,0,0,0,0,,,0,0,0,0,0,0,0,,
1609914286752089,,606604395858804,"Mega Eletrônicos Paraguai",,65,"04/22/2026 14:39",,,04/17/2026,0,0,0,0,0,0,0,0,0,0,0,0,0,,,0,0,0,0,0,0,0,,
1609914286752089,,606604395858804,"Mega Eletrônicos Paraguai",,65,"04/22/2026 14:39",,,04/18/2026,0,0,0,0,0,0,0,0,0,0,0,0,0,,,0,0,0,0,0,0,0,,
1609914286752089,,606604395858804,"Mega Eletrônicos Paraguai",,65,"04/22/2026 14:39",,,04/19/2026,0,0,0,0,0,0,0,0,0,0,0,0,0,,,0,0,0,0,0,0,0,,
1609914286752089,,606604395858804,"Mega Eletrônicos Paraguai",,65,"04/22/2026 14:39",,,04/20/2026,0,0,0,0,0,0,0,0,0,0,0,0,0,,,0,0,0,0,0,0,0,,
1609914286752089,,606604395858804,"Mega Eletrônicos Paraguai",,65,"04/22/2026 14:39",,,04/21/2026,0,0,0,0,0,0,0,0,0,0,0,0,0,,,0,0,0,0,0,0,0,,
1609914286752089,,606604395858804,"Mega Eletrônicos Paraguai",,65,"04/22/2026 14:39",,,04/22/2026,59,33,7,855.831,14.03,33,7,0,33,0,0,0,0,170.312,685.519,10.6445,0,15.233755555556,0,0,0,0,6,1
3479273508889533,,606604395858804,"Mega Eletrônicos Paraguai",,59,"04/13/2026 15:00",,,04/16/2026,19,8,0,125.098,6.254,8,0,0,8,0,0,0,0,63.823,61.275,5.8020909090909,0,6.8083333333333,0,0,0,0,,
3479273508889533,,606604395858804,"Mega Eletrônicos Paraguai",,59,"04/13/2026 15:00",,,04/17/2026,25,16,0,300.852,10.374,16,0,0,16,2,2,0,0,184.556,116.296,13.182571428571,0,7.7530666666667,0,0,0,0,,
3479273508889533,,606604395858804,"Mega Eletrônicos Paraguai",,59,"04/13/2026 15:00",,,04/18/2026,18,7,0,80.281,3.49,7,0,0,7,0,0,0,0,41.381,38.9,2.9557857142857,0,4.3222222222222,0,0,0,0,,
3479273508889533,,606604395858804,"Mega Eletrônicos Paraguai",,59,"04/13/2026 15:00",,,04/19/2026,35,14,0,372.022,11.625,14,0,0,14,1,1,0,0,165.753,206.269,11.0502,0,12.133470588235,0,0,0,0,,
3479273508889533,,606604395858804,"Mega Eletrônicos Paraguai",,59,"04/13/2026 15:00",,,04/20/2026,23,8,0,119.903,5.213,8,0,0,8,0,0,0,0,25.509,94.394,2.5509,0,7.2610769230769,0,0,0,0,,
3479273508889533,,606604395858804,"Mega Eletrônicos Paraguai",,59,"04/13/2026 15:00",,,04/21/2026,20,8,0,75.076,4.416,8,0,0,8,0,0,0,0,42.307,32.769,5.288375,0,3.641,0,0,0,0,,
3479273508889533,,606604395858804,"Mega Eletrônicos Paraguai",,59,"04/13/2026 15:00",,,04/22/2026,16,8,0,64.799,4.628,8,0,0,8,0,0,0,0,34.969,29.83,4.9955714285714,0,4.2614285714286,0,0,0,0,,
4295482994073628,,606604395858804,"Mega Eletrônicos Paraguai",,78,"04/10/2026 14:42",,,04/16/2026,16,6,0,70.769,4.162,6,0,0,6,0,0,0,0,39.686,31.083,4.4095555555556,0,3.885375,0,0,0,0,,
4295482994073628,,606604395858804,"Mega Eletrônicos Paraguai",,78,"04/10/2026 14:42",,,04/17/2026,21,14,1,275.686,11.986,14,1,0,14,0,0,0,0,244.898,30.788,16.326533333333,0,3.8485,0,0,0,0,,1
4295482994073628,,606604395858804,"Mega Eletrônicos Paraguai",,78,"04/10/2026 14:42",,,04/18/2026,15,6,2,287.89,23.99,6,2,0,6,0,0,0,0,266.901,20.989,29.655666666667,0,6.9963333333333,0,0,0,0,,2
4295482994073628,,606604395858804,"Mega Eletrônicos Paraguai",,78,"04/10/2026 14:42",,,04/19/2026,28,16,1,203.981,7.845,16,1,0,16,0,0,0,0,75.518,128.463,5.0345333333333,0,11.678454545455,0,0,0,0,1,
4295482994073628,,606604395858804,"Mega Eletrônicos Paraguai",,78,"04/10/2026 14:42",,,04/20/2026,18,5,1,117.965,8.426,5,1,0,5,0,0,0,0,16.347,101.618,2.043375,0,16.936333333333,0,0,0,0,1,
4295482994073628,,606604395858804,"Mega Eletrônicos Paraguai",,78,"04/10/2026 14:42",,,04/21/2026,19,6,0,58.387,4.491,6,0,0,6,0,0,0,0,25.434,32.953,4.239,0,4.7075714285714,0,0,0,0,,
4295482994073628,,606604395858804,"Mega Eletrônicos Paraguai",,78,"04/10/2026 14:42",,,04/22/2026,14,5,1,159.337,12.256,5,1,0,5,0,0,0,0,69.352,89.985,8.669,0,17.997,0,0,0,0,1,
943866934906893,,606604395858804,"Mega Eletrônicos Paraguai",,46,"04/09/2026 14:01",,,04/16/2026,13,4,0,48.395,3.226,4,0,0,4,0,0,0,0,38.788,9.607,3.8788,0,1.9214,0,0,0,0,,
943866934906893,,606604395858804,"Mega Eletrônicos Paraguai",,46,"04/09/2026 14:01",,,04/17/2026,17,9,0,166.318,7.919,9,0,0,9,1,1,0,0,59.268,107.05,4.939,0,11.894444444444,0,0,0,0,,
943866934906893,,606604395858804,"Mega Eletrônicos Paraguai",,46,"04/09/2026 14:01",,,04/18/2026,12,5,0,70.937,5.911,5,0,0,5,0,0,0,0,66.72,4.217,7.4133333333333,0,1.4056666666667,0,0,0,0,,
943866934906893,,606604395858804,"Mega Eletrônicos Paraguai",,46,"04/09/2026 14:01",,,04/19/2026,27,18,0,227.711,9.108,18,0,0,18,1,1,0,0,143.287,84.424,9.5524666666667,0,8.4424,0,0,0,0,,
943866934906893,,606604395858804,"Mega Eletrônicos Paraguai",,46,"04/09/2026 14:01",,,04/20/2026,14,3,0,34.064,3.096,3,0,0,3,0,0,0,0,16.384,17.68,2.7306666666667,0,3.536,0,0,0,0,,
943866934906893,,606604395858804,"Mega Eletrônicos Paraguai",,46,"04/09/2026 14:01",,,04/21/2026,16,5,0,41.327,3.443,5,0,0,5,0,0,0,0,22.065,19.262,5.51625,0,2.40775,0,0,0,0,,
943866934906893,,606604395858804,"Mega Eletrônicos Paraguai",,46,"04/09/2026 14:01",,,04/22/2026,12,5,0,87.747,8.774,5,0,0,5,0,0,0,0,46.296,41.451,9.2592,0,8.2902,0,0,0,0,,
2031777491051916,,606604395858804,"Mega Eletrônicos Paraguai",,54,"04/07/2026 16:59",,,04/16/2026,13,4,0,84.211,7.017,4,0,0,4,0,0,0,0,81.283,2.928,10.160375,0,0.732,0,0,0,0,,
2031777491051916,,606604395858804,"Mega Eletrônicos Paraguai",,54,"04/07/2026 16:59",,,04/17/2026,16,8,0,209.258,10.462,8,0,0,8,0,0,0,0,31.819,177.439,2.6515833333333,0,22.179875,0,0,0,0,,
2031777491051916,,606604395858804,"Mega Eletrônicos Paraguai",,54,"04/07/2026 16:59",,,04/18/2026,10,2,0,25.521,2.552,2,0,0,2,0,0,0,0,23.444,2.077,3.3491428571429,0,0.69233333333333,0,0,0,0,,
2031777491051916,,606604395858804,"Mega Eletrônicos Paraguai",,54,"04/07/2026 16:59",,,04/19/2026,24,9,0,185.097,7.403,9,0,0,9,1,1,0,0,50.468,134.629,3.3645333333333,0,13.4629,0,0,0,0,,
2031777491051916,,606604395858804,"Mega Eletrônicos Paraguai",,54,"04/07/2026 16:59",,,04/20/2026,8,3,0,44.084,5.51,3,0,0,3,0,0,0,0,23.563,20.521,7.8543333333333,0,4.1042,0,0,0,0,,
2031777491051916,,606604395858804,"Mega Eletrônicos Paraguai",,54,"04/07/2026 16:59",,,04/21/2026,13,4,0,85.803,8.58,4,0,0,4,0,0,0,0,53.584,32.219,17.861333333333,0,4.6027142857143,0,0,0,0,,
2031777491051916,,606604395858804,"Mega Eletrônicos Paraguai",,54,"04/07/2026 16:59",,,04/22/2026,11,5,0,82.499,8.249,5,0,0,5,0,0,0,0,19.385,63.114,3.877,0,12.6228,0,0,0,0,,
3525707154233868,,606604395858804,"Mega Eletrônicos Paraguai",,53,"04/06/2026 14:11",,,04/16/2026,12,3,0,33.258,2.375,3,0,0,3,0,0,0,0,24.441,8.817,2.4441,0,2.20425,0,0,0,0,,
3525707154233868,,606604395858804,"Mega Eletrônicos Paraguai",,53,"04/06/2026 14:11",,,04/17/2026,16,8,0,53.513,2.816,8,0,0,8,0,0,0,0,34.07,19.443,3.0972727272727,0,2.430375,0,0,0,0,,
3525707154233868,,606604395858804,"Mega Eletrônicos Paraguai",,53,"04/06/2026 14:11",,,04/18/2026,9,4,0,56.59,6.287,4,0,0,4,0,0,0,0,38.677,17.913,7.7354,0,4.47825,0,0,0,0,,
3525707154233868,,606604395858804,"Mega Eletrônicos Paraguai",,53,"04/06/2026 14:11",,,04/19/2026,25,12,0,210.957,8.438,12,0,0,12,1,1,0,0,156.941,54.016,10.462733333333,0,5.4016,0,0,0,0,,
3525707154233868,,606604395858804,"Mega Eletrônicos Paraguai",,53,"04/06/2026 14:11",,,04/20/2026,8,3,0,29.366,3.262,3,0,0,3,0,0,0,0,4.905,24.461,1.22625,0,4.8922,0,0,0,0,,
3525707154233868,,606604395858804,"Mega Eletrônicos Paraguai",,53,"04/06/2026 14:11",,,04/21/2026,12,5,0,104.035,9.457,5,0,0,5,0,0,0,0,55.067,48.968,13.76675,0,6.9954285714286,0,0,0,0,,
3525707154233868,,606604395858804,"Mega Eletrônicos Paraguai",,53,"04/06/2026 14:11",,,04/22/2026,10,6,0,59.335,6.592,6,0,0,6,0,0,0,0,41.101,18.234,10.27525,0,3.6468,0,0,0,0,,
1614748566485581,,606604395858804,"Mega Eletrônicos Paraguai",,53,"04/06/2026 14:08",,,04/16/2026,11,0,0,9.662,0.878,0,0,0,0,0,0,0,0,6.869,2.793,0.98128571428571,0,0.69825,0,0,0,0,,
1614748566485581,,606604395858804,"Mega Eletrônicos Paraguai",,53,"04/06/2026 14:08",,,04/17/2026,15,0,0,15.219,0.845,0,0,0,0,0,0,0,0,9.452,5.767,0.85927272727273,0,0.82385714285714,0,0,0,0,,
1614748566485581,,606604395858804,"Mega Eletrônicos Paraguai",,53,"04/06/2026 14:08",,,04/18/2026,7,0,0,6.531,0.816,0,0,0,0,0,0,0,0,3.634,2.897,0.7268,0,0.96566666666667,0,0,0,0,,
1614748566485581,,606604395858804,"Mega Eletrônicos Paraguai",,53,"04/06/2026 14:08",,,04/19/2026,23,4,0,47.062,2.046,4,0,0,4,0,0,0,0,27.525,19.537,2.1173076923077,0,1.9537,0,0,0,0,,
1614748566485581,,606604395858804,"Mega Eletrônicos Paraguai",,53,"04/06/2026 14:08",,,04/20/2026,8,0,0,9.422,1.177,0,0,0,0,0,0,0,0,3.97,5.452,1.3233333333333,0,1.0904,0,0,0,0,,
1614748566485581,,606604395858804,"Mega Eletrônicos Paraguai",,53,"04/06/2026 14:08",,,04/21/2026,12,1,0,17.199,2.149,1,0,0,1,0,0,0,0,3.783,13.416,1.8915,0,2.236,0,0,0,0,,
1614748566485581,,606604395858804,"Mega Eletrônicos Paraguai",,53,"04/06/2026 14:08",,,04/22/2026,9,1,0,28.292,3.536,1,0,0,1,0,0,0,0,2.301,25.991,0.57525,0,6.49775,0,0,0,0,,
791126237050597,,606604395858804,"Mega Eletrônicos Paraguai",,40,"04/04/2026 14:28",,,04/16/2026,11,5,0,71.109,7.11,5,0,0,5,0,0,0,0,55.596,15.513,9.266,0,3.87825,0,0,0,0,,
791126237050597,,606604395858804,"Mega Eletrônicos Paraguai",,40,"04/04/2026 14:28",,,04/17/2026,13,7,0,101.869,6.791,7,0,0,7,1,1,0,0,43.292,58.577,5.4115,0,8.3681428571429,0,0,0,0,,
791126237050597,,606604395858804,"Mega Eletrônicos Paraguai",,40,"04/04/2026 14:28",,,04/18/2026,6,2,0,13.988,1.554,2,0,0,2,0,0,0,0,12.404,1.584,2.0673333333333,0,0.528,0,0,0,0,,
791126237050597,,606604395858804,"Mega Eletrônicos Paraguai",,40,"04/04/2026 14:28",,,04/19/2026,21,8,0,98.62,4.482,8,0,0,8,0,0,0,0,60.031,38.589,4.6177692307692,0,4.2876666666667,0,0,0,0,,
791126237050597,,606604395858804,"Mega Eletrônicos Paraguai",,40,"04/04/2026 14:28",,,04/20/2026,8,3,0,56.224,7.028,3,0,0,3,0,0,0,0,48.237,7.987,16.079,0,1.5974,0,0,0,0,,
791126237050597,,606604395858804,"Mega Eletrônicos Paraguai",,40,"04/04/2026 14:28",,,04/21/2026,10,5,0,35.497,4.437,5,0,0,5,0,0,0,0,16.39,19.107,5.4633333333333,0,3.8214,0,0,0,0,,
791126237050597,,606604395858804,"Mega Eletrônicos Paraguai",,40,"04/04/2026 14:28",,,04/22/2026,8,4,0,32.385,4.048,4,0,0,4,0,0,0,0,6.835,25.55,1.70875,0,6.3875,0,0,0,0,,
2503902696694934,,606604395858804,"Mega Eletrônicos Paraguai",,97,"04/04/2026 09:13",,,04/16/2026,9,2,0,20.484,2.926,2,0,0,2,0,0,0,0,15.278,5.206,3.8195,0,1.7353333333333,0,0,0,0,,
2503902696694934,,606604395858804,"Mega Eletrônicos Paraguai",,97,"04/04/2026 09:13",,,04/17/2026,12,6,0,50.649,3.617,6,0,0,6,0,0,0,0,26.081,24.568,3.7258571428571,0,3.5097142857143,0,0,0,0,,
2503902696694934,,606604395858804,"Mega Eletrônicos Paraguai",,97,"04/04/2026 09:13",,,04/18/2026,7,4,0,31.088,3.108,4,0,0,4,0,0,0,0,29.082,2.006,4.1545714285714,0,0.66866666666667,0,0,0,0,,
2503902696694934,,606604395858804,"Mega Eletrônicos Paraguai",,97,"04/04/2026 09:13",,,04/19/2026,20,9,0,77.069,4.533,9,0,0,9,0,0,0,0,47.867,29.202,4.3515454545455,0,4.867,0,0,0,0,,
2503902696694934,,606604395858804,"Mega Eletrônicos Paraguai",,97,"04/04/2026 09:13",,,04/20/2026,7,2,0,19.862,3.31,2,0,0,2,0,0,0,0,13.986,5.876,4.662,0,1.9586666666667,0,0,0,0,,
2503902696694934,,606604395858804,"Mega Eletrônicos Paraguai",,97,"04/04/2026 09:13",,,04/21/2026,9,5,0,30.214,5.035,5,0,0,5,0,0,0,0,9.479,20.735,4.7395,0,5.18375,0,0,0,0,,
2503902696694934,,606604395858804,"Mega Eletrônicos Paraguai",,97,"04/04/2026 09:13",,,04/22/2026,7,1,0,27.065,4.51,1,0,0,1,0,0,0,0,4.639,22.426,1.5463333333333,0,7.4753333333333,0,0,0,0,,
1519215383109749,,606604395858804,"Mega Eletrônicos Paraguai",,30,"04/01/2026 14:01",,,04/16/2026,7,2,0,13.982,2.33,2,0,0,2,0,0,0,0,10.065,3.917,3.355,0,1.3056666666667,0,0,0,0,,
1519215383109749,,606604395858804,"Mega Eletrônicos Paraguai",,30,"04/01/2026 14:01",,,04/17/2026,11,8,0,151.987,9.499,8,0,0,8,1,1,0,0,36.735,115.252,4.0816666666667,0,16.464571428571,0,0,0,0,,
1519215383109749,,606604395858804,"Mega Eletrônicos Paraguai",,30,"04/01/2026 14:01",,,04/18/2026,7,4,0,33.831,4.833,4,0,0,4,0,0,0,0,12.496,21.335,3.124,0,7.1116666666667,0,0,0,0,,
1519215383109749,,606604395858804,"Mega Eletrônicos Paraguai",,30,"04/01/2026 14:01",,,04/19/2026,17,8,0,113.524,7.095,8,0,0,8,0,0,0,0,87.901,25.623,7.991,0,5.1246,0,0,0,0,,
1519215383109749,,606604395858804,"Mega Eletrônicos Paraguai",,30,"04/01/2026 14:01",,,04/20/2026,6,3,0,36.281,6.046,3,0,0,3,0,0,0,0,1.074,35.207,0.537,0,8.80175,0,0,0,0,,
1519215383109749,,606604395858804,"Mega Eletrônicos Paraguai",,30,"04/01/2026 14:01",,,04/21/2026,6,4,0,31.581,4.511,4,0,0,4,0,0,0,0,3.524,28.057,1.1746666666667,0,7.01425,0,0,0,0,,
1519215383109749,,606604395858804,"Mega Eletrônicos Paraguai",,30,"04/01/2026 14:01",,,04/22/2026,5,2,0,13.71,2.742,2,0,0,2,0,0,0,0,6.934,6.776,2.3113333333333,0,3.388,0,0,0,0,,
926036243622366,,606604395858804,"Mega Eletrônicos Paraguai",,42,"04/01/2026 08:15",,,04/16/2026,5,2,0,47.922,7.987,2,0,0,2,0,0,0,0,43.242,4.68,14.414,0,1.56,0,0,0,0,,
926036243622366,,606604395858804,"Mega Eletrônicos Paraguai",,42,"04/01/2026 08:15",,,04/17/2026,11,5,0,171.258,14.271,5,0,0,5,0,0,0,0,92.944,78.314,13.277714285714,0,15.6628,0,0,0,0,,
926036243622366,,606604395858804,"Mega Eletrônicos Paraguai",,42,"04/01/2026 08:15",,,04/18/2026,7,5,0,59.641,8.52,5,0,0,5,0,0,0,0,40.724,18.917,8.1448,0,9.4585,0,0,0,0,,
926036243622366,,606604395858804,"Mega Eletrônicos Paraguai",,42,"04/01/2026 08:15",,,04/19/2026,16,9,0,222.67,13.098,9,0,0,9,0,0,0,0,168.574,54.096,14.047833333333,0,10.8192,0,0,0,0,,
926036243622366,,606604395858804,"Mega Eletrônicos Paraguai",,42,"04/01/2026 08:15",,,04/20/2026,4,1,0,20.587,5.146,1,0,0,1,0,0,0,0,1.172,19.415,1.172,0,6.4716666666667,0,0,0,0,,
926036243622366,,606604395858804,"Mega Eletrônicos Paraguai",,42,"04/01/2026 08:15",,,04/21/2026,7,5,0,157.168,26.194,5,0,0,5,0,0,0,0,85.639,71.529,42.8195,0,17.88225,0,0,0,0,,
926036243622366,,606604395858804,"Mega Eletrônicos Paraguai",,42,"04/01/2026 08:15",,,04/22/2026,5,2,0,55.317,11.063,2,0,0,2,0,0,0,0,13.043,42.274,4.3476666666667,0,21.137,0,0,0,0,,
965636859258561,,606604395858804,"Mega Eletrônicos Paraguai",,40,"03/29/2026 14:30",,,04/16/2026,5,1,0,12.742,1.82,1,0,0,1,0,0,0,0,3.579,9.163,0.89475,0,3.0543333333333,0,0,0,0,,
965636859258561,,606604395858804,"Mega Eletrônicos Paraguai",,40,"03/29/2026 14:30",,,04/17/2026,9,3,0,29.288,2.44,3,0,0,3,0,0,0,0,13.371,15.917,1.671375,0,3.97925,0,0,0,0,,
965636859258561,,606604395858804,"Mega Eletrônicos Paraguai",,40,"03/29/2026 14:30",,,04/18/2026,7,3,0,69.513,8.689,3,0,0,3,0,0,0,0,69.077,0.436,11.512833333333,0,0.218,0,0,0,0,,
965636859258561,,606604395858804,"Mega Eletrônicos Paraguai",,40,"03/29/2026 14:30",,,04/19/2026,15,6,0,103.165,6.068,6,0,0,6,1,1,0,0,54.497,48.668,4.1920769230769,0,12.167,0,0,0,0,,
965636859258561,,606604395858804,"Mega Eletrônicos Paraguai",,40,"03/29/2026 14:30",,,04/20/2026,4,1,0,34.922,8.73,1,0,0,1,0,0,0,0,1.18,33.742,1.18,0,11.247333333333,0,0,0,0,,
965636859258561,,606604395858804,"Mega Eletrônicos Paraguai",,40,"03/29/2026 14:30",,,04/21/2026,7,2,0,25.292,3.613,2,0,0,2,0,0,0,0,8.902,16.39,2.9673333333333,0,4.0975,0,0,0,0,,
965636859258561,,606604395858804,"Mega Eletrônicos Paraguai",,40,"03/29/2026 14:30",,,04/22/2026,4,1,0,7.872,1.968,1,0,0,1,0,0,0,0,3.385,4.487,1.1283333333333,0,4.487,0,0,0,0,,
2113064119544779,,606604395858804,"Mega Eletrônicos Paraguai",,37,"03/28/2026 11:38",,,04/16/2026,5,0,0,5.11,1.022,0,0,0,0,0,0,0,0,1.286,3.824,0.643,0,1.2746666666667,0,0,0,0,,
2113064119544779,,606604395858804,"Mega Eletrônicos Paraguai",,37,"03/28/2026 11:38",,,04/17/2026,8,3,0,68.618,6.238,3,0,0,3,0,0,0,0,50.547,18.071,7.221,0,4.51775,0,0,0,0,,
2113064119544779,,606604395858804,"Mega Eletrônicos Paraguai",,37,"03/28/2026 11:38",,,04/18/2026,5,1,0,11.413,1.902,1,0,0,1,0,0,0,0,11.299,0.114,2.2598,0,0.114,0,0,0,0,,
2113064119544779,,606604395858804,"Mega Eletrônicos Paraguai",,37,"03/28/2026 11:38",,,04/19/2026,14,2,0,44.733,4.066,2,0,0,2,0,0,0,0,15.513,29.22,2.2161428571429,0,7.305,0,0,0,0,,
2113064119544779,,606604395858804,"Mega Eletrônicos Paraguai",,37,"03/28/2026 11:38",,,04/20/2026,4,0,0,2.261,0.753,0,0,0,0,0,0,0,0,1.009,1.252,1.009,0,0.626,0,0,0,0,,
2113064119544779,,606604395858804,"Mega Eletrônicos Paraguai",,37,"03/28/2026 11:38",,,04/21/2026,7,3,0,17.088,2.848,3,0,0,3,0,0,0,0,8.294,8.794,4.147,0,2.1985,0,0,0,0,,
2113064119544779,,606604395858804,"Mega Eletrônicos Paraguai",,37,"03/28/2026 11:38",,,04/22/2026,3,0,0,3.13,1.043,0,0,0,0,0,0,0,0,2.088,1.042,1.044,0,1.042,0,0,0,0,,
1580495656369834,,606604395858804,"Mega Eletrônicos Paraguai",,48,"03/27/2026 12:33",,,04/16/2026,6,3,0,69.674,6.967,3,0,0,3,0,0,0,0,60.683,8.991,8.669,0,2.997,0,0,0,0,,
1580495656369834,,606604395858804,"Mega Eletrônicos Paraguai",,48,"03/27/2026 12:33",,,04/17/2026,8,8,0,137.226,11.435,8,0,0,8,0,0,0,0,115.226,22,14.40325,0,5.5,0,0,0,0,,
1580495656369834,,606604395858804,"Mega Eletrônicos Paraguai",,48,"03/27/2026 12:33",,,04/18/2026,7,3,0,77.222,6.435,3,0,0,3,0,0,0,0,76.938,0.284,6.9943636363636,0,0.284,0,0,0,0,,
1580495656369834,,606604395858804,"Mega Eletrônicos Paraguai",,48,"03/27/2026 12:33",,,04/19/2026,13,9,0,233.214,16.658,9,0,0,9,2,0,2,0,132.077,101.137,13.2077,0,25.28425,0,0,0,0,,
1580495656369834,,606604395858804,"Mega Eletrônicos Paraguai",,48,"03/27/2026 12:33",,,04/20/2026,4,4,0,50.914,5.657,4,0,0,4,0,0,0,0,47.02,3.894,6.7171428571429,0,1.947,0,0,0,0,,
1580495656369834,,606604395858804,"Mega Eletrônicos Paraguai",,48,"03/27/2026 12:33",,,04/21/2026,8,8,0,249.68,31.21,8,0,0,8,0,0,0,0,152.81,96.87,38.2025,0,24.2175,0,0,0,0,,
1580495656369834,,606604395858804,"Mega Eletrônicos Paraguai",,48,"03/27/2026 12:33",,,04/22/2026,3,2,0,39.407,9.851,2,0,0,2,0,0,0,0,8.784,30.623,2.928,0,30.623,0,0,0,0,,
1730853021225838,,606604395858804,"Mega Eletrônicos Paraguai",,34,"03/26/2026 12:34",,,04/16/2026,6,1,0,11.719,1.464,1,0,0,1,0,0,0,0,8.773,2.946,1.7546,0,0.982,0,0,0,0,,
1730853021225838,,606604395858804,"Mega Eletrônicos Paraguai",,34,"03/26/2026 12:34",,,04/17/2026,8,8,0,135.137,10.395,8,0,0,8,0,0,0,0,109.88,25.257,12.208888888889,0,6.31425,0,0,0,0,,
1730853021225838,,606604395858804,"Mega Eletrônicos Paraguai",,34,"03/26/2026 12:34",,,04/18/2026,3,1,0,13.071,2.178,1,0,0,1,0,0,0,0,12.622,0.449,2.5244,0,0.449,0,0,0,0,,
1730853021225838,,606604395858804,"Mega Eletrônicos Paraguai",,34,"03/26/2026 12:34",,,04/19/2026,14,4,0,70.37,5.026,4,0,0,4,0,0,0,0,21.327,49.043,2.1327,0,12.26075,0,0,0,0,,
1730853021225838,,606604395858804,"Mega Eletrônicos Paraguai",,34,"03/26/2026 12:34",,,04/20/2026,2,1,0,7.998,2.666,1,0,0,1,0,0,0,0,5.375,2.623,5.375,0,1.3115,0,0,0,0,,
1730853021225838,,606604395858804,"Mega Eletrônicos Paraguai",,34,"03/26/2026 12:34",,,04/21/2026,8,4,0,23.438,2.604,4,0,0,4,0,0,0,0,10.892,12.546,2.1784,0,3.1365,0,0,0,0,,
1730853021225838,,606604395858804,"Mega Eletrônicos Paraguai",,34,"03/26/2026 12:34",,,04/22/2026,3,2,0,10.292,3.43,2,0,0,2,0,0,0,0,5.001,5.291,2.5005,0,5.291,0,0,0,0,,
1974776136466509,,606604395858804,"Mega Eletrônicos Paraguai",,49,"03/26/2026 08:38",,,04/16/2026,5,3,0,20.422,4.084,3,0,0,3,0,0,0,0,6.645,13.777,3.3225,0,4.5923333333333,0,0,0,0,,
1974776136466509,,606604395858804,"Mega Eletrônicos Paraguai",,49,"03/26/2026 08:38",,,04/17/2026,7,5,0,36.651,3.665,5,0,0,5,0,0,0,0,28.872,7.779,4.1245714285714,0,2.593,0,0,0,0,,
1974776136466509,,606604395858804,"Mega Eletrônicos Paraguai",,49,"03/26/2026 08:38",,,04/18/2026,4,1,0,14.203,3.55,1,0,0,1,0,0,0,0,13.089,1.114,4.363,0,1.114,0,0,0,0,,
1974776136466509,,606604395858804,"Mega Eletrônicos Paraguai",,49,"03/26/2026 08:38",,,04/19/2026,11,5,0,59.096,5.372,5,0,0,5,0,0,0,0,32.936,26.16,4.7051428571429,0,6.54,0,0,0,0,,
1974776136466509,,606604395858804,"Mega Eletrônicos Paraguai",,49,"03/26/2026 08:38",,,04/20/2026,2,0,0,0.447,0.447,0,0,0,0,0,0,0,0,,0.447,0,0,0.447,0,0,0,0,,
1974776136466509,,606604395858804,"Mega Eletrônicos Paraguai",,49,"03/26/2026 08:38",,,04/21/2026,8,3,0,31.078,4.439,3,0,0,3,0,0,0,0,16.041,15.037,5.347,0,3.75925,0,0,0,0,,
1974776136466509,,606604395858804,"Mega Eletrônicos Paraguai",,49,"03/26/2026 08:38",,,04/22/2026,3,1,0,54.315,18.105,1,0,0,1,0,0,0,0,51.421,2.894,25.7105,0,2.894,0,0,0,0,,
914219601372533,,606604395858804,"Mega Eletrônicos Paraguai",,47,"03/25/2026 13:00",,,04/16/2026,5,0,0,5.291,1.058,0,0,0,0,0,0,0,0,0.804,4.487,0.402,0,1.4956666666667,0,0,0,0,,
914219601372533,,606604395858804,"Mega Eletrônicos Paraguai",,47,"03/25/2026 13:00",,,04/17/2026,7,0,0,14.279,1.298,0,0,0,0,0,0,0,0,7.101,7.178,1.0144285714286,0,1.7945,0,0,0,0,,
914219601372533,,606604395858804,"Mega Eletrônicos Paraguai",,47,"03/25/2026 13:00",,,04/18/2026,3,0,0,5.265,0.752,0,0,0,0,0,0,0,0,4.759,0.506,0.79316666666667,0,0.506,0,0,0,0,,
914219601372533,,606604395858804,"Mega Eletrônicos Paraguai",,47,"03/25/2026 13:00",,,04/19/2026,11,4,0,51.107,5.11,4,0,0,4,1,0,1,0,43.631,7.476,6.233,0,2.492,0,0,0,0,,
914219601372533,,606604395858804,"Mega Eletrônicos Paraguai",,47,"03/25/2026 13:00",,,04/20/2026,2,0,0,1.489,0.744,0,0,0,0,0,0,0,0,,1.489,0,0,0.7445,0,0,0,0,,
914219601372533,,606604395858804,"Mega Eletrônicos Paraguai",,47,"03/25/2026 13:00",,,04/21/2026,8,3,0,64.864,8.108,3,0,0,3,0,0,0,0,11.869,52.995,2.96725,0,13.24875,0,0,0,0,,
914219601372533,,606604395858804,"Mega Eletrônicos Paraguai",,47,"03/25/2026 13:00",,,04/22/2026,3,1,0,11.607,5.803,1,0,0,1,0,0,0,0,2.491,9.116,2.491,0,9.116,0,0,0,0,,
1948529226058738,,606604395858804,"Mega Eletrônicos Paraguai",,58,"03/25/2026 07:24",,,04/16/2026,4,0,0,5.724,1.431,0,0,0,0,0,0,0,0,1.026,4.698,1.026,0,1.566,0,0,0,0,,
1948529226058738,,606604395858804,"Mega Eletrônicos Paraguai",,58,"03/25/2026 07:24",,,04/17/2026,8,4,0,64.463,6.446,4,0,0,4,0,0,0,0,58.135,6.328,8.305,0,2.1093333333333,0,0,0,0,,
1948529226058738,,606604395858804,"Mega Eletrônicos Paraguai",,58,"03/25/2026 07:24",,,04/18/2026,4,2,0,31.664,5.277,1,0,0,2,0,0,0,0,31.664,,5.2773333333333,0,0,0,0,0,0,,
1948529226058738,,606604395858804,"Mega Eletrônicos Paraguai",,58,"03/25/2026 07:24",,,04/19/2026,11,6,0,131.542,10.118,6,0,0,6,0,0,0,0,44.409,87.133,4.4409,0,29.044333333333,0,0,0,0,,
1948529226058738,,606604395858804,"Mega Eletrônicos Paraguai",,58,"03/25/2026 07:24",,,04/20/2026,2,0,0,2.127,0.709,0,0,0,0,0,0,0,0,0.049,2.078,0.049,0,1.039,0,0,0,0,,
1948529226058738,,606604395858804,"Mega Eletrônicos Paraguai",,58,"03/25/2026 07:24",,,04/21/2026,8,5,0,137.279,17.159,5,0,0,5,0,0,0,0,117.114,20.165,23.4228,0,6.7216666666667,0,0,0,0,,
1948529226058738,,606604395858804,"Mega Eletrônicos Paraguai",,58,"03/25/2026 07:24",,,04/22/2026,3,1,0,10.349,5.174,1,0,0,1,0,0,0,0,9.073,1.276,9.073,0,1.276,0,0,0,0,,
1736162153762521,,606604395858804,"Mega Eletrônicos Paraguai",,36,"03/24/2026 14:33",,,04/16/2026,3,0,0,1.801,0.6,0,0,0,0,0,0,0,0,,1.801,0,0,0.60033333333333,0,0,0,0,,
1736162153762521,,606604395858804,"Mega Eletrônicos Paraguai",,36,"03/24/2026 14:33",,,04/17/2026,7,0,0,12.485,1.248,0,0,0,0,0,0,0,0,9.052,3.433,1.2931428571429,0,1.1443333333333,0,0,0,0,,
1736162153762521,,606604395858804,"Mega Eletrônicos Paraguai",,36,"03/24/2026 14:33",,,04/18/2026,3,0,0,4.446,1.111,0,0,0,0,0,0,0,0,3.837,0.609,1.279,0,0.609,0,0,0,0,,
1736162153762521,,606604395858804,"Mega Eletrônicos Paraguai",,36,"03/24/2026 14:33",,,04/19/2026,9,2,0,26.644,2.96,2,0,0,2,0,0,0,0,14.37,12.274,2.395,0,4.0913333333333,0,0,0,0,,
1736162153762521,,606604395858804,"Mega Eletrônicos Paraguai",,36,"03/24/2026 14:33",,,04/20/2026,2,0,0,2.05,1.025,0,0,0,0,0,0,0,0,,2.05,0,0,1.025,0,0,0,0,,
1736162153762521,,606604395858804,"Mega Eletrônicos Paraguai",,36,"03/24/2026 14:33",,,04/21/2026,7,1,0,12.105,2.017,1,0,0,1,0,0,0,0,6.572,5.533,2.1906666666667,0,1.8443333333333,0,0,0,0,,
1736162153762521,,606604395858804,"Mega Eletrônicos Paraguai",,36,"03/24/2026 14:33",,,04/22/2026,3,1,0,6.018,2.006,1,0,0,1,0,0,0,0,4.612,1.406,2.306,0,1.406,0,0,0,0,,
944139734651843,,606604395858804,"Mega Eletrônicos Paraguai",,36,"03/24/2026 14:33",,,04/16/2026,3,0,0,1.744,0.581,0,0,0,0,0,0,0,0,,1.744,0,0,0.58133333333333,0,0,0,0,,
944139734651843,,606604395858804,"Mega Eletrônicos Paraguai",,36,"03/24/2026 14:33",,,04/17/2026,7,0,0,9.416,1.046,0,0,0,0,0,0,0,0,5.031,4.385,0.8385,0,1.4616666666667,0,0,0,0,,
944139734651843,,606604395858804,"Mega Eletrônicos Paraguai",,36,"03/24/2026 14:33",,,04/18/2026,4,0,0,1.054,0.351,0,0,0,0,0,0,0,0,0.78,0.274,0.39,0,0.274,0,0,0,0,,
944139734651843,,606604395858804,"Mega Eletrônicos Paraguai",,36,"03/24/2026 14:33",,,04/19/2026,9,2,0,21.313,3.044,2,0,0,2,0,0,0,0,15.643,5.67,3.91075,0,1.89,0,0,0,0,,
944139734651843,,606604395858804,"Mega Eletrônicos Paraguai",,36,"03/24/2026 14:33",,,04/20/2026,2,0,0,0,0,0,0,0,0,0,0,0,0,,,0,0,0,0,0,0,0,,
944139734651843,,606604395858804,"Mega Eletrônicos Paraguai",,36,"03/24/2026 14:33",,,04/21/2026,7,0,0,5.653,0.942,0,0,0,0,0,0,0,0,2.538,3.115,0.846,0,1.0383333333333,0,0,0,0,,
944139734651843,,606604395858804,"Mega Eletrônicos Paraguai",,36,"03/24/2026 14:33",,,04/22/2026,3,0,0,3.987,1.993,0,0,0,0,0,0,0,0,3.987,,1.9935,0,0,0,0,0,0,,
1481145290012115,,606604395858804,"Mega Eletrônicos Paraguai",,50,"03/23/2026 09:24",,,04/16/2026,3,0,0,1.838,0.459,0,0,0,0,0,0,0,0,0.458,1.38,0.229,0,0.69,0,0,0,0,,
1481145290012115,,606604395858804,"Mega Eletrônicos Paraguai",,50,"03/23/2026 09:24",,,04/17/2026,7,2,0,14.578,2.429,2,0,0,2,0,0,0,0,7.104,7.474,1.776,0,3.737,0,0,0,0,,
1481145290012115,,606604395858804,"Mega Eletrônicos Paraguai",,50,"03/23/2026 09:24",,,04/18/2026,3,0,0,1.711,0.57,0,0,0,0,0,0,0,0,1.61,0.101,0.805,0,0.101,0,0,0,0,,
1481145290012115,,606604395858804,"Mega Eletrônicos Paraguai",,50,"03/23/2026 09:24",,,04/19/2026,9,2,0,20.189,2.523,2,0,0,2,0,0,0,0,16.598,3.591,3.3196,0,1.197,0,0,0,0,,
1481145290012115,,606604395858804,"Mega Eletrônicos Paraguai",,50,"03/23/2026 09:24",,,04/20/2026,1,1,0,5.24,5.24,1,0,0,1,0,0,0,0,,5.24,0,0,5.24,0,0,0,0,,
1481145290012115,,606604395858804,"Mega Eletrônicos Paraguai",,50,"03/23/2026 09:24",,,04/21/2026,7,3,0,30.189,5.031,3,0,0,3,0,0,0,0,23.959,6.23,7.9863333333333,0,2.0766666666667,0,0,0,0,,
1481145290012115,,606604395858804,"Mega Eletrônicos Paraguai",,50,"03/23/2026 09:24",,,04/22/2026,2,1,0,4.701,2.35,1,0,0,1,0,0,0,0,4.701,,2.3505,0,0,0,0,0,0,,
1196976819175970,,606604395858804,"Mega Eletrônicos Paraguai",,6,"03/21/2026 08:10",,,04/16/2026,3,1,0,19.242,6.414,1,0,0,1,0,0,0,0,,19.242,0,0,6.414,0,0,0,0,,
1196976819175970,,606604395858804,"Mega Eletrônicos Paraguai",,6,"03/21/2026 08:10",,,04/17/2026,5,1,0,17.739,2.956,1,0,0,1,0,0,0,0,14.854,2.885,3.7135,0,1.4425,0,0,0,0,,
1196976819175970,,606604395858804,"Mega Eletrônicos Paraguai",,6,"03/21/2026 08:10",,,04/18/2026,2,1,0,7.289,3.644,1,0,0,1,0,0,0,0,6.588,0.701,6.588,0,0.701,0,0,0,0,,
1196976819175970,,606604395858804,"Mega Eletrônicos Paraguai",,6,"03/21/2026 08:10",,,04/19/2026,8,2,0,40.407,5.05,2,0,0,2,0,0,0,0,16.89,23.517,3.378,0,7.839,0,0,0,0,,
1196976819175970,,606604395858804,"Mega Eletrônicos Paraguai",,6,"03/21/2026 08:10",,,04/20/2026,1,1,0,3.65,3.65,1,0,0,1,0,0,0,0,,3.65,0,0,3.65,0,0,0,0,,
1196976819175970,,606604395858804,"Mega Eletrônicos Paraguai",,6,"03/21/2026 08:10",,,04/21/2026,7,3,0,50.949,8.491,3,0,0,3,0,0,0,0,30.201,20.748,10.067,0,6.916,0,0,0,0,,
1196976819175970,,606604395858804,"Mega Eletrônicos Paraguai",,6,"03/21/2026 08:10",,,04/22/2026,1,1,0,7.166,7.166,1,0,0,1,0,0,0,0,7.166,,7.166,0,0,0,0,0,0,,
1255084326765191,,606604395858804,"Mega Eletrônicos Paraguai",,51,"03/20/2026 10:53",,,04/16/2026,3,0,0,1.421,0.71,0,0,0,0,0,0,0,0,,1.421,0,0,0.7105,0,0,0,0,,
1255084326765191,,606604395858804,"Mega Eletrônicos Paraguai",,51,"03/20/2026 10:53",,,04/17/2026,4,0,0,7.654,1.53,0,0,0,0,0,0,0,0,4.539,3.115,1.513,0,1.5575,0,0,0,0,,
1255084326765191,,606604395858804,"Mega Eletrônicos Paraguai",,51,"03/20/2026 10:53",,,04/18/2026,2,0,0,1.074,0.358,0,0,0,0,0,0,0,0,0.58,0.494,0.29,0,0.494,0,0,0,0,,
1255084326765191,,606604395858804,"Mega Eletrônicos Paraguai",,51,"03/20/2026 10:53",,,04/19/2026,8,1,0,15.186,2.169,1,0,0,1,0,0,0,0,8.419,6.767,1.6838,0,3.3835,0,0,0,0,,
1255084326765191,,606604395858804,"Mega Eletrônicos Paraguai",,51,"03/20/2026 10:53",,,04/20/2026,1,0,0,0.308,0.308,0,0,0,0,0,0,0,0,,0.308,0,0,0.308,0,0,0,0,,
1255084326765191,,606604395858804,"Mega Eletrônicos Paraguai",,51,"03/20/2026 10:53",,,04/21/2026,6,1,0,15.812,2.635,1,0,0,1,0,0,0,0,8.172,7.64,2.724,0,2.5466666666667,0,0,0,0,,
1255084326765191,,606604395858804,"Mega Eletrônicos Paraguai",,51,"03/20/2026 10:53",,,04/22/2026,1,0,0,1.657,1.657,0,0,0,0,0,0,0,0,1.657,,1.657,0,0,0,0,0,0,,
2629423290770182,,606604395858804,"Mega Eletrônicos Paraguai",,50,"03/19/2026 11:27",,,04/16/2026,3,0,0,3.141,1.047,0,0,0,0,0,0,0,0,0.043,3.098,0.043,0,1.549,0,0,0,0,,
2629423290770182,,606604395858804,"Mega Eletrônicos Paraguai",,50,"03/19/2026 11:27",,,04/17/2026,5,5,0,166.13,20.766,5,0,0,5,1,0,1,0,26.279,139.851,8.7596666666667,0,27.9702,0,0,0,0,,
2629423290770182,,606604395858804,"Mega Eletrônicos Paraguai",,50,"03/19/2026 11:27",,,04/18/2026,2,2,0,56.676,11.335,2,0,0,2,0,0,0,0,56.673,0.003,14.16825,0,0.003,0,0,0,0,,
2629423290770182,,606604395858804,"Mega Eletrônicos Paraguai",,50,"03/19/2026 11:27",,,04/19/2026,8,4,0,32.265,3.585,4,0,0,4,0,0,0,0,21.858,10.407,3.643,0,3.469,0,0,0,0,,
2629423290770182,,606604395858804,"Mega Eletrônicos Paraguai",,50,"03/19/2026 11:27",,,04/20/2026,1,2,0,13.025,6.512,2,0,0,2,0,0,0,0,3.921,9.104,3.921,0,9.104,0,0,0,0,,
2629423290770182,,606604395858804,"Mega Eletrônicos Paraguai",,50,"03/19/2026 11:27",,,04/21/2026,6,3,0,128.973,14.33,3,0,0,3,0,0,0,0,70.153,58.82,11.692166666667,0,19.606666666667,0,0,0,0,,
2629423290770182,,606604395858804,"Mega Eletrônicos Paraguai",,50,"03/19/2026 11:27",,,04/22/2026,1,0,0,1.485,1.485,0,0,0,0,0,0,0,0,1.485,,1.485,0,0,0,0,0,0,,
1228726226134850,,606604395858804,"Mega Eletrônicos Paraguai",,57,"03/18/2026 11:46",,,04/16/2026,5,2,0,65.977,9.425,2,0,0,2,0,0,0,0,51.594,14.383,12.8985,0,4.7943333333333,0,0,0,0,,
1228726226134850,,606604395858804,"Mega Eletrônicos Paraguai",,57,"03/18/2026 11:46",,,04/17/2026,5,5,0,227.584,22.758,5,0,0,5,0,0,0,0,100.64,126.944,25.16,0,21.157333333333,0,0,0,0,,
1228726226134850,,606604395858804,"Mega Eletrônicos Paraguai",,57,"03/18/2026 11:46",,,04/18/2026,3,0,0,2.614,0.871,0,0,0,0,0,0,0,0,2.003,0.611,1.0015,0,0.611,0,0,0,0,,
1228726226134850,,606604395858804,"Mega Eletrônicos Paraguai",,57,"03/18/2026 11:46",,,04/19/2026,8,5,0,178.475,19.83,5,0,0,5,0,0,0,0,96.054,82.421,16.009,0,27.473666666667,0,0,0,0,,
1228726226134850,,606604395858804,"Mega Eletrônicos Paraguai",,57,"03/18/2026 11:46",,,04/20/2026,2,2,0,113.923,37.974,2,0,0,2,0,0,0,0,112.284,1.639,56.142,0,1.639,0,0,0,0,,
1228726226134850,,606604395858804,"Mega Eletrônicos Paraguai",,57,"03/18/2026 11:46",,,04/21/2026,7,4,0,175.677,25.096,4,0,0,4,0,0,0,0,116.369,59.308,29.09225,0,19.769333333333,0,0,0,0,,
1228726226134850,,606604395858804,"Mega Eletrônicos Paraguai",,57,"03/18/2026 11:46",,,04/22/2026,0,0,0,0,0,0,0,0,0,0,0,0,0,,,0,0,0,0,0,0,0,,
1624314985274953,,606604395858804,"Mega Eletrônicos Paraguai",,47,"03/18/2026 05:36",,,04/16/2026,2,1,0,47.578,15.859,1,0,0,1,1,0,1,0,0.079,47.499,0.079,0,23.7495,0,0,0,0,,
1624314985274953,,606604395858804,"Mega Eletrônicos Paraguai",,47,"03/18/2026 05:36",,,04/17/2026,5,3,0,32.457,4.057,3,0,0,3,0,0,0,0,7.896,24.561,1.5792,0,8.187,0,0,0,0,,
1624314985274953,,606604395858804,"Mega Eletrônicos Paraguai",,47,"03/18/2026 05:36",,,04/18/2026,2,1,0,47.273,9.454,1,0,0,1,0,0,0,0,46.786,0.487,11.6965,0,0.487,0,0,0,0,,
1624314985274953,,606604395858804,"Mega Eletrônicos Paraguai",,47,"03/18/2026 05:36",,,04/19/2026,8,5,0,132.891,14.765,5,0,0,5,1,1,0,0,84.205,48.686,14.034166666667,0,16.228666666667,0,0,0,0,,
1624314985274953,,606604395858804,"Mega Eletrônicos Paraguai",,47,"03/18/2026 05:36",,,04/20/2026,1,0,0,0,0,0,0,0,0,0,0,0,0,,,0,0,0,0,0,0,0,,
1624314985274953,,606604395858804,"Mega Eletrônicos Paraguai",,47,"03/18/2026 05:36",,,04/21/2026,6,5,0,152.714,21.816,5,0,0,5,0,0,0,0,59.766,92.948,14.9415,0,30.982666666667,0,0,0,0,,
1624314985274953,,606604395858804,"Mega Eletrônicos Paraguai",,47,"03/18/2026 05:36",,,04/22/2026,0,0,0,0,0,0,0,0,0,0,0,0,0,,,0,0,0,0,0,0,0,,
4301954163452504,,606604395858804,"Mega Eletrônicos Paraguai",,49,"03/17/2026 12:20",,,04/16/2026,2,0,0,2.908,0.969,0,0,0,0,0,0,0,0,0.566,2.342,0.566,0,1.171,0,0,0,0,,
4301954163452504,,606604395858804,"Mega Eletrônicos Paraguai",,49,"03/17/2026 12:20",,,04/17/2026,4,1,0,37.477,6.246,1,0,0,1,0,0,0,0,34.735,2.742,8.68375,0,1.371,0,0,0,0,,
4301954163452504,,606604395858804,"Mega Eletrônicos Paraguai",,49,"03/17/2026 12:20",,,04/18/2026,2,0,0,0.937,0.468,0,0,0,0,0,0,0,0,0.698,0.239,0.698,0,0.239,0,0,0,0,,
4301954163452504,,606604395858804,"Mega Eletrônicos Paraguai",,49,"03/17/2026 12:20",,,04/19/2026,7,3,0,25.752,4.292,3,0,0,3,0,0,0,0,9.241,16.511,2.31025,0,8.2555,0,0,0,0,,
4301954163452504,,606604395858804,"Mega Eletrônicos Paraguai",,49,"03/17/2026 12:20",,,04/20/2026,1,0,0,1.767,1.767,0,0,0,0,0,0,0,0,,1.767,0,0,1.767,0,0,0,0,,
4301954163452504,,606604395858804,"Mega Eletrônicos Paraguai",,49,"03/17/2026 12:20",,,04/21/2026,6,3,0,156.91,26.151,3,0,0,3,0,0,0,0,61.077,95.833,20.359,0,31.944333333333,0,0,0,0,,
4301954163452504,,606604395858804,"Mega Eletrônicos Paraguai",,49,"03/17/2026 12:20",,,04/22/2026,0,0,0,0,0,0,0,0,0,0,0,0,0,,,0,0,0,0,0,0,0,,
1568701807538685,,606604395858804,"Mega Eletrônicos Paraguai",,31,"03/16/2026 13:38",,,04/16/2026,2,1,0,10.319,5.159,1,0,0,1,0,0,0,0,,10.319,0,0,5.1595,0,0,0,0,,
1568701807538685,,606604395858804,"Mega Eletrônicos Paraguai",,31,"03/16/2026 13:38",,,04/17/2026,4,1,0,11.257,1.876,1,0,0,1,0,0,0,0,4.873,6.384,1.21825,0,3.192,0,0,0,0,,
1568701807538685,,606604395858804,"Mega Eletrônicos Paraguai",,31,"03/16/2026 13:38",,,04/18/2026,2,0,0,2.234,0.744,0,0,0,0,0,0,0,0,1.961,0.273,0.9805,0,0.273,0,0,0,0,,
1568701807538685,,606604395858804,"Mega Eletrônicos Paraguai",,31,"03/16/2026 13:38",,,04/19/2026,7,1,0,20.051,2.506,1,0,0,1,0,0,0,0,15.442,4.609,2.5736666666667,0,2.3045,0,0,0,0,,
1568701807538685,,606604395858804,"Mega Eletrônicos Paraguai",,31,"03/16/2026 13:38",,,04/20/2026,1,1,0,4.243,4.243,1,0,0,1,0,0,0,0,,4.243,0,0,4.243,0,0,0,0,,
1568701807538685,,606604395858804,"Mega Eletrônicos Paraguai",,31,"03/16/2026 13:38",,,04/21/2026,5,2,0,14.27,2.854,2,0,0,2,0,0,0,0,4.836,9.434,2.418,0,3.1446666666667,0,0,0,0,,
1568701807538685,,606604395858804,"Mega Eletrônicos Paraguai",,31,"03/16/2026 13:38",,,04/22/2026,0,0,0,0,0,0,0,0,0,0,0,0,0,,,0,0,0,0,0,0,0,,
1251484446567012,,606604395858804,"Mega Eletrônicos Paraguai",,22,"03/16/2026 06:37",,,04/16/2026,2,0,0,4.647,2.323,0,0,0,0,0,0,0,0,,4.647,0,0,2.3235,0,0,0,0,,
1251484446567012,,606604395858804,"Mega Eletrônicos Paraguai",,22,"03/16/2026 06:37",,,04/17/2026,4,1,0,27.261,4.543,1,0,0,1,0,0,0,0,3.896,23.365,0.974,0,11.6825,0,0,0,0,,
1251484446567012,,606604395858804,"Mega Eletrônicos Paraguai",,22,"03/16/2026 06:37",,,04/18/2026,2,0,0,1.75,0.875,0,0,0,0,0,0,0,0,0.69,1.06,0.69,0,1.06,0,0,0,0,,
1251484446567012,,606604395858804,"Mega Eletrônicos Paraguai",,22,"03/16/2026 06:37",,,04/19/2026,7,1,0,21.893,3.648,1,0,0,1,0,0,0,0,9.469,12.424,1.8938,0,12.424,0,0,0,0,,
1251484446567012,,606604395858804,"Mega Eletrônicos Paraguai",,22,"03/16/2026 06:37",,,04/20/2026,1,0,0,0,0,0,0,0,0,0,0,0,0,,,0,0,0,0,0,0,0,,
1251484446567012,,606604395858804,"Mega Eletrônicos Paraguai",,22,"03/16/2026 06:37",,,04/21/2026,5,3,0,32.291,8.072,3,0,0,3,0,0,0,0,5.275,27.016,5.275,0,9.0053333333333,0,0,0,0,,
1251484446567012,,606604395858804,"Mega Eletrônicos Paraguai",,22,"03/16/2026 06:37",,,04/22/2026,0,0,0,0,0,0,0,0,0,0,0,0,0,,,0,0,0,0,0,0,0,,
915460724527678,,606604395858804,"Mega Eletrônicos Paraguai","Evita problemas al comprarte estos auriculares QCY 😎    #megaelectronicos #paraguay #gamer",60,"03/14/2026 17:37",,,04/16/2026,2,0,0,2.897,1.448,0,0,0,0,0,0,0,0,,2.897,0,0,1.4485,0,0,0,0,,
915460724527678,,606604395858804,"Mega Eletrônicos Paraguai","Evita problemas al comprarte estos auriculares QCY 😎    #megaelectronicos #paraguay #gamer",60,"03/14/2026 17:37",,,04/17/2026,4,1,0,68.201,13.64,1,0,0,1,0,0,0,0,5.202,62.999,1.734,0,31.4995,0,0,0,0,,
915460724527678,,606604395858804,"Mega Eletrônicos Paraguai","Evita problemas al comprarte estos auriculares QCY 😎    #megaelectronicos #paraguay #gamer",60,"03/14/2026 17:37",,,04/18/2026,1,0,0,1.73,0.865,0,0,0,0,0,0,0,0,0.658,1.072,0.658,0,1.072,0,0,0,0,,
915460724527678,,606604395858804,"Mega Eletrônicos Paraguai","Evita problemas al comprarte estos auriculares QCY 😎    #megaelectronicos #paraguay #gamer",60,"03/14/2026 17:37",,,04/19/2026,6,2,0,16.046,2.674,2,0,0,2,0,0,0,0,9.872,6.174,1.9744,0,6.174,0,0,0,0,,
915460724527678,,606604395858804,"Mega Eletrônicos Paraguai","Evita problemas al comprarte estos auriculares QCY 😎    #megaelectronicos #paraguay #gamer",60,"03/14/2026 17:37",,,04/20/2026,1,0,0,0.898,0.898,0,0,0,0,0,0,0,0,0.898,,0.898,0,0,0,0,0,0,,
915460724527678,,606604395858804,"Mega Eletrônicos Paraguai","Evita problemas al comprarte estos auriculares QCY 😎    #megaelectronicos #paraguay #gamer",60,"03/14/2026 17:37",,,04/21/2026,4,2,0,12.334,3.083,2,0,0,2,0,0,0,0,3.812,8.522,3.812,0,2.8406666666667,0,0,0,0,,
915460724527678,,606604395858804,"Mega Eletrônicos Paraguai","Evita problemas al comprarte estos auriculares QCY 😎    #megaelectronicos #paraguay #gamer",60,"03/14/2026 17:37",,,04/22/2026,0,0,0,0,0,0,0,0,0,0,0,0,0,,,0,0,0,0,0,0,0,,
1435304341121688,,606604395858804,"Mega Eletrônicos Paraguai",,43,"03/13/2026 14:25",,,04/16/2026,2,1,0,5.872,2.936,1,0,0,1,0,0,0,0,,5.872,0,0,2.936,0,0,0,0,,
1435304341121688,,606604395858804,"Mega Eletrônicos Paraguai",,43,"03/13/2026 14:25",,,04/17/2026,4,2,0,12.495,2.082,2,0,0,2,0,0,0,0,5.304,7.191,1.326,0,3.5955,0,0,0,0,,
1435304341121688,,606604395858804,"Mega Eletrônicos Paraguai",,43,"03/13/2026 14:25",,,04/18/2026,2,1,0,44.434,14.811,1,0,0,1,0,0,0,0,0.614,43.82,0.614,0,21.91,0,0,0,0,,
1435304341121688,,606604395858804,"Mega Eletrônicos Paraguai",,43,"03/13/2026 14:25",,,04/19/2026,6,1,0,20.83,2.975,1,0,0,1,0,0,0,0,19.491,1.339,3.2485,0,1.339,0,0,0,0,,
1435304341121688,,606604395858804,"Mega Eletrônicos Paraguai",,43,"03/13/2026 14:25",,,04/20/2026,1,0,0,0.378,0.378,0,0,0,0,0,0,0,0,,0.378,0,0,0.378,0,0,0,0,,
1435304341121688,,606604395858804,"Mega Eletrônicos Paraguai",,43,"03/13/2026 14:25",,,04/21/2026,4,1,0,19.111,4.777,1,0,0,1,0,0,0,0,2.091,17.02,2.091,0,5.6733333333333,0,0,0,0,,
1435304341121688,,606604395858804,"Mega Eletrônicos Paraguai",,43,"03/13/2026 14:25",,,04/22/2026,0,0,0,0,0,0,0,0,0,0,0,0,0,,,0,0,0,0,0,0,0,,
4055703324727620,,606604395858804,"Mega Eletrônicos Paraguai",,41,"03/12/2026 14:48",,,04/16/2026,2,2,0,78.359,39.179,2,0,0,2,0,0,0,0,,78.359,0,0,39.1795,0,0,0,0,,
4055703324727620,,606604395858804,"Mega Eletrônicos Paraguai",,41,"03/12/2026 14:48",,,04/17/2026,5,2,0,44.966,7.494,1,0,0,2,0,0,0,0,3.618,41.348,1.206,0,13.782666666667,0,0,0,0,,
4055703324727620,,606604395858804,"Mega Eletrônicos Paraguai",,41,"03/12/2026 14:48",,,04/18/2026,2,1,0,65.06,21.686,1,0,0,1,1,0,1,0,1.264,63.796,1.264,0,31.898,0,0,0,0,,
4055703324727620,,606604395858804,"Mega Eletrônicos Paraguai",,41,"03/12/2026 14:48",,,04/19/2026,6,4,0,24.528,4.088,4,0,0,4,0,0,0,0,20.292,4.236,4.0584,0,4.236,0,0,0,0,,
4055703324727620,,606604395858804,"Mega Eletrônicos Paraguai",,41,"03/12/2026 14:48",,,04/20/2026,1,0,0,0,0,0,0,0,0,0,0,0,0,,,0,0,0,0,0,0,0,,
4055703324727620,,606604395858804,"Mega Eletrônicos Paraguai",,41,"03/12/2026 14:48",,,04/21/2026,4,2,0,71.47,17.867,2,0,0,2,0,0,0,0,38.796,32.674,38.796,0,10.891333333333,0,0,0,0,,
4055703324727620,,606604395858804,"Mega Eletrônicos Paraguai",,41,"03/12/2026 14:48",,,04/22/2026,1,2,0,29.166,14.583,2,0,0,2,0,0,0,0,,29.166,0,0,14.583,0,0,0,0,,
964501652809409,,606604395858804,"Mega Eletrônicos Paraguai",,20,"03/11/2026 13:01",,,04/16/2026,2,0,0,1.338,1.338,0,0,0,0,0,0,0,0,,1.338,0,0,1.338,0,0,0,0,,
964501652809409,,606604395858804,"Mega Eletrônicos Paraguai",,20,"03/11/2026 13:01",,,04/17/2026,4,2,0,15.142,3.785,2,0,0,2,0,0,0,0,7.463,7.679,2.4876666666667,0,7.679,0,0,0,0,,
964501652809409,,606604395858804,"Mega Eletrônicos Paraguai",,20,"03/11/2026 13:01",,,04/18/2026,1,0,0,0.649,0.324,0,0,0,0,0,0,0,0,0.16,0.489,0.16,0,0.489,0,0,0,0,,
964501652809409,,606604395858804,"Mega Eletrônicos Paraguai",,20,"03/11/2026 13:01",,,04/19/2026,6,1,0,19.911,4.977,1,0,0,1,0,0,0,0,19.911,,4.97775,0,0,0,0,0,0,,
964501652809409,,606604395858804,"Mega Eletrônicos Paraguai",,20,"03/11/2026 13:01",,,04/20/2026,0,0,0,0,0,0,0,0,0,0,0,0,0,,,0,0,0,0,0,0,0,,
964501652809409,,606604395858804,"Mega Eletrônicos Paraguai",,20,"03/11/2026 13:01",,,04/21/2026,4,2,0,17.677,4.419,2,0,0,2,0,0,0,0,2.843,14.834,2.843,0,4.9446666666667,0,0,0,0,,
964501652809409,,606604395858804,"Mega Eletrônicos Paraguai",,20,"03/11/2026 13:01",,,04/22/2026,0,0,0,0,0,0,0,0,0,0,0,0,0,,,0,0,0,0,0,0,0,,
1212108564027542,,606604395858804,"Mega Eletrônicos Paraguai",,69,"03/10/2026 13:00",,,04/16/2026,1,1,0,3.403,3.403,1,0,0,1,0,0,0,0,,3.403,0,0,3.403,0,0,0,0,,
1212108564027542,,606604395858804,"Mega Eletrônicos Paraguai",,69,"03/10/2026 13:00",,,04/17/2026,4,2,0,114.271,22.854,2,0,0,2,0,0,0,0,49.654,64.617,12.4135,0,64.617,0,0,0,0,,
1212108564027542,,606604395858804,"Mega Eletrônicos Paraguai",,69,"03/10/2026 13:00",,,04/18/2026,1,2,1,75.142,37.571,2,1,0,2,0,0,0,0,3.109,72.033,3.109,0,72.033,0,0,0,0,1,
1212108564027542,,606604395858804,"Mega Eletrônicos Paraguai",,69,"03/10/2026 13:00",,,04/19/2026,5,3,2,151.978,25.329,3,2,0,3,0,0,0,0,151.978,,25.329666666667,0,0,0,0,0,0,,2
1212108564027542,,606604395858804,"Mega Eletrônicos Paraguai",,69,"03/10/2026 13:00",,,04/20/2026,0,0,0,1.678,1.678,0,0,0,0,0,0,0,0,1.678,,1.678,0,0,0,0,0,0,,
1212108564027542,,606604395858804,"Mega Eletrônicos Paraguai",,69,"03/10/2026 13:00",,,04/21/2026,4,5,1,146.008,18.251,4,1,0,5,0,0,0,0,50.738,95.27,10.1476,0,31.756666666667,0,0,0,0,1,
1212108564027542,,606604395858804,"Mega Eletrônicos Paraguai",,69,"03/10/2026 13:00",,,04/22/2026,0,0,0,0,0,0,0,0,0,0,0,0,0,,,0,0,0,0,0,0,0,,
1369536761856184,,606604395858804,"Mega Eletrônicos Paraguai",,52,"03/09/2026 15:12",,,04/16/2026,3,2,0,72.853,24.284,2,0,0,2,0,0,0,0,71.345,1.508,35.6725,0,1.508,0,0,0,0,,
1369536761856184,,606604395858804,"Mega Eletrônicos Paraguai",,52,"03/09/2026 15:12",,,04/17/2026,4,3,0,34.201,11.4,3,0,0,3,0,0,0,0,26.81,7.391,13.405,0,7.391,0,0,0,0,,
1369536761856184,,606604395858804,"Mega Eletrônicos Paraguai",,52,"03/09/2026 15:12",,,04/18/2026,1,0,0,2.2,1.1,0,0,0,0,0,0,0,0,1.426,0.774,1.426,0,0.774,0,0,0,0,,
1369536761856184,,606604395858804,"Mega Eletrônicos Paraguai",,52,"03/09/2026 15:12",,,04/19/2026,5,1,0,11.839,2.959,1,0,0,1,0,0,0,0,11.839,,2.95975,0,0,0,0,0,0,,
1369536761856184,,606604395858804,"Mega Eletrônicos Paraguai",,52,"03/09/2026 15:12",,,04/20/2026,0,0,0,0,0,0,0,0,0,0,0,0,0,,,0,0,0,0,0,0,0,,
1369536761856184,,606604395858804,"Mega Eletrônicos Paraguai",,52,"03/09/2026 15:12",,,04/21/2026,4,0,0,5.337,1.779,0,0,0,0,0,0,0,0,,5.337,0,0,1.779,0,0,0,0,,
1369536761856184,,606604395858804,"Mega Eletrônicos Paraguai",,52,"03/09/2026 15:12",,,04/22/2026,0,0,0,0,0,0,0,0,0,0,0,0,0,,,0,0,0,0,0,0,0,,
1910803073141640,,606604395858804,"Mega Eletrônicos Paraguai",,82,"03/08/2026 09:00",,,04/16/2026,1,0,0,0.945,0.945,0,0,0,0,0,0,0,0,,0.945,0,0,0.945,0,0,0,0,,
1910803073141640,,606604395858804,"Mega Eletrônicos Paraguai",,82,"03/08/2026 09:00",,,04/17/2026,3,1,0,9.551,3.183,1,0,0,1,0,0,0,0,6.684,2.867,3.342,0,2.867,0,0,0,0,,
1910803073141640,,606604395858804,"Mega Eletrônicos Paraguai",,82,"03/08/2026 09:00",,,04/18/2026,2,0,0,3.02,1.51,0,0,0,0,0,0,0,0,0.89,2.13,0.89,0,2.13,0,0,0,0,,
1910803073141640,,606604395858804,"Mega Eletrônicos Paraguai",,82,"03/08/2026 09:00",,,04/19/2026,4,1,0,6.957,2.319,1,0,0,1,0,0,0,0,6.957,,2.319,0,0,0,0,0,0,,
1910803073141640,,606604395858804,"Mega Eletrônicos Paraguai",,82,"03/08/2026 09:00",,,04/20/2026,0,0,0,0,0,0,0,0,0,0,0,0,0,,,0,0,0,0,0,0,0,,
1910803073141640,,606604395858804,"Mega Eletrônicos Paraguai",,82,"03/08/2026 09:00",,,04/21/2026,3,0,0,5.838,1.946,0,0,0,0,0,0,0,0,,5.838,0,0,1.946,0,0,0,0,,
1910803073141640,,606604395858804,"Mega Eletrônicos Paraguai",,82,"03/08/2026 09:00",,,04/22/2026,0,0,0,0,0,0,0,0,0,0,0,0,0,,,0,0,0,0,0,0,0,,
1477266844068033,,606604395858804,"Mega Eletrônicos Paraguai",,62,"03/07/2026 07:51",,,04/16/2026,1,0,0,0.972,0.972,0,0,0,0,0,0,0,0,,0.972,0,0,0.972,0,0,0,0,,
1477266844068033,,606604395858804,"Mega Eletrônicos Paraguai",,62,"03/07/2026 07:51",,,04/17/2026,3,2,1,121.458,40.486,2,1,0,2,0,0,0,0,42.54,78.918,21.27,0,78.918,0,0,0,0,1,
1477266844068033,,606604395858804,"Mega Eletrônicos Paraguai",,62,"03/07/2026 07:51",,,04/18/2026,2,0,0,2.109,1.054,0,0,0,0,0,0,0,0,0.234,1.875,0.234,0,1.875,0,0,0,0,,
1477266844068033,,606604395858804,"Mega Eletrônicos Paraguai",,62,"03/07/2026 07:51",,,04/19/2026,4,1,0,18.395,4.598,1,0,0,1,0,0,0,0,18.395,,4.59875,0,0,0,0,0,0,,
1477266844068033,,606604395858804,"Mega Eletrônicos Paraguai",,62,"03/07/2026 07:51",,,04/20/2026,0,0,0,0,0,0,0,0,0,0,0,0,0,,,0,0,0,0,0,0,0,,
1477266844068033,,606604395858804,"Mega Eletrônicos Paraguai",,62,"03/07/2026 07:51",,,04/21/2026,3,0,0,5.365,1.788,0,0,0,0,0,0,0,0,,5.365,0,0,1.7883333333333,0,0,0,0,,
1477266844068033,,606604395858804,"Mega Eletrônicos Paraguai",,62,"03/07/2026 07:51",,,04/22/2026,0,0,0,0,0,0,0,0,0,0,0,0,0,,,0,0,0,0,0,0,0,,
26817240844545738,,606604395858804,"Mega Eletrônicos Paraguai",,62,"03/07/2026 07:43",,,04/16/2026,1,0,0,1.537,1.537,0,0,0,0,0,0,0,0,,1.537,0,0,1.537,0,0,0,0,,
26817240844545738,,606604395858804,"Mega Eletrônicos Paraguai",,62,"03/07/2026 07:43",,,04/17/2026,3,1,0,5.534,1.844,1,0,0,1,0,0,0,0,2.187,3.347,1.0935,0,3.347,0,0,0,0,,
26817240844545738,,606604395858804,"Mega Eletrônicos Paraguai",,62,"03/07/2026 07:43",,,04/18/2026,2,0,0,0.459,0.459,0,0,0,0,0,0,0,0,0.459,,0.459,0,0,0,0,0,0,,
26817240844545738,,606604395858804,"Mega Eletrônicos Paraguai",,62,"03/07/2026 07:43",,,04/19/2026,4,0,0,6.841,1.71,0,0,0,0,0,0,0,0,6.841,,1.71025,0,0,0,0,0,0,,
26817240844545738,,606604395858804,"Mega Eletrônicos Paraguai",,62,"03/07/2026 07:43",,,04/20/2026,0,0,0,0,0,0,0,0,0,0,0,0,0,,,0,0,0,0,0,0,0,,
26817240844545738,,606604395858804,"Mega Eletrônicos Paraguai",,62,"03/07/2026 07:43",,,04/21/2026,2,0,0,3.034,1.517,0,0,0,0,0,0,0,0,,3.034,0,0,1.517,0,0,0,0,,
26817240844545738,,606604395858804,"Mega Eletrônicos Paraguai",,62,"03/07/2026 07:43",,,04/22/2026,0,0,0,0,0,0,0,0,0,0,0,0,0,,,0,0,0,0,0,0,0,,
1465295888530183,,606604395858804,"Mega Eletrônicos Paraguai",,44,"03/06/2026 08:03",,,04/16/2026,1,1,0,11.935,11.935,1,0,0,1,0,0,0,0,,11.935,0,0,11.935,0,0,0,0,,
1465295888530183,,606604395858804,"Mega Eletrônicos Paraguai",,44,"03/06/2026 08:03",,,04/17/2026,3,2,0,16.15,5.383,2,0,0,2,0,0,0,0,10.111,6.039,5.0555,0,6.039,0,0,0,0,,
1465295888530183,,606604395858804,"Mega Eletrônicos Paraguai",,44,"03/06/2026 08:03",,,04/18/2026,1,1,0,4.184,4.184,1,0,0,1,0,0,0,0,4.184,,4.184,0,0,0,0,0,0,,
1465295888530183,,606604395858804,"Mega Eletrônicos Paraguai",,44,"03/06/2026 08:03",,,04/19/2026,4,1,0,10.523,2.63,1,0,0,1,0,0,0,0,10.523,,2.63075,0,0,0,0,0,0,,
1465295888530183,,606604395858804,"Mega Eletrônicos Paraguai",,44,"03/06/2026 08:03",,,04/20/2026,0,0,0,0,0,0,0,0,0,0,0,0,0,,,0,0,0,0,0,0,0,,
1465295888530183,,606604395858804,"Mega Eletrônicos Paraguai",,44,"03/06/2026 08:03",,,04/21/2026,3,1,0,46.562,15.52,1,0,0,1,0,0,0,0,42.873,3.689,42.873,0,1.8445,0,0,0,0,,
1465295888530183,,606604395858804,"Mega Eletrônicos Paraguai",,44,"03/06/2026 08:03",,,04/22/2026,0,0,0,0,0,0,0,0,0,0,0,0,0,,,0,0,0,0,0,0,0,,
3373621852813437,,606604395858804,"Mega Eletrônicos Paraguai","Novidades dos novos lançamentos da Apple 🍏👀",77,"03/06/2026 02:18",,,04/16/2026,1,1,0,42.88,42.88,1,0,0,1,0,0,0,0,,42.88,0,0,42.88,0,0,0,0,,
3373621852813437,,606604395858804,"Mega Eletrônicos Paraguai","Novidades dos novos lançamentos da Apple 🍏👀",77,"03/06/2026 02:18",,,04/17/2026,3,2,0,24.994,8.331,2,0,0,2,0,0,0,0,23.33,1.664,11.665,0,1.664,0,0,0,0,,
3373621852813437,,606604395858804,"Mega Eletrônicos Paraguai","Novidades dos novos lançamentos da Apple 🍏👀",77,"03/06/2026 02:18",,,04/18/2026,1,0,0,0.298,0.298,0,0,0,0,0,0,0,0,0.298,,0.298,0,0,0,0,0,0,,
3373621852813437,,606604395858804,"Mega Eletrônicos Paraguai","Novidades dos novos lançamentos da Apple 🍏👀",77,"03/06/2026 02:18",,,04/19/2026,4,0,0,2.713,0.678,0,0,0,0,0,0,0,0,2.713,,0.67825,0,0,0,0,0,0,,
3373621852813437,,606604395858804,"Mega Eletrônicos Paraguai","Novidades dos novos lançamentos da Apple 🍏👀",77,"03/06/2026 02:18",,,04/20/2026,0,0,0,0,0,0,0,0,0,0,0,0,0,,,0,0,0,0,0,0,0,,
3373621852813437,,606604395858804,"Mega Eletrônicos Paraguai","Novidades dos novos lançamentos da Apple 🍏👀",77,"03/06/2026 02:18",,,04/21/2026,2,0,0,2.206,1.103,0,0,0,0,0,0,0,0,,2.206,0,0,1.103,0,0,0,0,,
3373621852813437,,606604395858804,"Mega Eletrônicos Paraguai","Novidades dos novos lançamentos da Apple 🍏👀",77,"03/06/2026 02:18",,,04/22/2026,0,0,0,0,0,0,0,0,0,0,0,0,0,,,0,0,0,0,0,0,0,,
25949197154701287,,606604395858804,"Mega Eletrônicos Paraguai",,21,"03/05/2026 06:09",,,04/16/2026,1,0,0,3.084,3.084,0,0,0,0,0,0,0,0,,3.084,0,0,3.084,0,0,0,0,,
25949197154701287,,606604395858804,"Mega Eletrônicos Paraguai",,21,"03/05/2026 06:09",,,04/17/2026,2,0,0,5.615,2.807,0,0,0,0,0,0,0,0,3.948,1.667,3.948,0,1.667,0,0,0,0,,
25949197154701287,,606604395858804,"Mega Eletrônicos Paraguai",,21,"03/05/2026 06:09",,,04/18/2026,1,0,0,0.152,0.152,0,0,0,0,0,0,0,0,0.152,,0.152,0,0,0,0,0,0,,
25949197154701287,,606604395858804,"Mega Eletrônicos Paraguai",,21,"03/05/2026 06:09",,,04/19/2026,4,0,0,5.529,1.843,0,0,0,0,0,0,0,0,5.529,,1.843,0,0,0,0,0,0,,
25949197154701287,,606604395858804,"Mega Eletrônicos Paraguai",,21,"03/05/2026 06:09",,,04/20/2026,0,0,0,0,0,0,0,0,0,0,0,0,0,,,0,0,0,0,0,0,0,,
25949197154701287,,606604395858804,"Mega Eletrônicos Paraguai",,21,"03/05/2026 06:09",,,04/21/2026,2,0,0,3.973,1.986,0,0,0,0,0,0,0,0,,3.973,0,0,1.9865,0,0,0,0,,
25949197154701287,,606604395858804,"Mega Eletrônicos Paraguai",,21,"03/05/2026 06:09",,,04/22/2026,0,0,0,0,0,0,0,0,0,0,0,0,0,,,0,0,0,0,0,0,0,,
2067732434082839,,606604395858804,"Mega Eletrônicos Paraguai",,50,"03/04/2026 17:49",,,04/16/2026,1,0,0,1.05,1.05,0,0,0,0,0,0,0,0,,1.05,0,0,1.05,0,0,0,0,,
2067732434082839,,606604395858804,"Mega Eletrônicos Paraguai",,50,"03/04/2026 17:49",,,04/17/2026,2,2,0,27.682,13.841,2,0,0,2,0,0,0,0,15.761,11.921,15.761,0,11.921,0,0,0,0,,
2067732434082839,,606604395858804,"Mega Eletrônicos Paraguai",,50,"03/04/2026 17:49",,,04/18/2026,1,0,0,0.021,0.021,0,0,0,0,0,0,0,0,0.021,,0.021,0,0,0,0,0,0,,
2067732434082839,,606604395858804,"Mega Eletrônicos Paraguai",,50,"03/04/2026 17:49",,,04/19/2026,4,1,0,14.024,7.012,1,0,0,1,0,0,0,0,14.024,,7.012,0,0,0,0,0,0,,
2067732434082839,,606604395858804,"Mega Eletrônicos Paraguai",,50,"03/04/2026 17:49",,,04/20/2026,1,0,0,1.001,1.001,0,0,0,0,0,0,0,0,1.001,,1.001,0,0,0,0,0,0,,
2067732434082839,,606604395858804,"Mega Eletrônicos Paraguai",,50,"03/04/2026 17:49",,,04/21/2026,2,0,0,2.795,1.397,0,0,0,0,0,0,0,0,,2.795,0,0,1.3975,0,0,0,0,,
2067732434082839,,606604395858804,"Mega Eletrônicos Paraguai",,50,"03/04/2026 17:49",,,04/22/2026,0,0,0,0,0,0,0,0,0,0,0,0,0,,,0,0,0,0,0,0,0,,
1347511050749452,,606604395858804,"Mega Eletrônicos Paraguai",,74,"03/04/2026 14:29",,,04/16/2026,1,1,0,26.77,8.923,1,0,0,1,0,0,0,0,25.732,1.038,12.866,0,1.038,0,0,0,0,,
1347511050749452,,606604395858804,"Mega Eletrônicos Paraguai",,74,"03/04/2026 14:29",,,04/17/2026,2,0,0,6.714,2.238,0,0,0,0,0,0,0,0,2.153,4.561,2.153,0,2.2805,0,0,0,0,,
1347511050749452,,606604395858804,"Mega Eletrônicos Paraguai",,74,"03/04/2026 14:29",,,04/18/2026,1,1,0,6.049,3.024,1,0,0,1,0,0,0,0,6.049,,3.0245,0,0,0,0,0,0,,
1347511050749452,,606604395858804,"Mega Eletrônicos Paraguai",,74,"03/04/2026 14:29",,,04/19/2026,6,5,1,195.237,27.891,5,1,0,5,0,0,0,0,195.237,,27.891,0,0,0,0,0,0,,1
1347511050749452,,606604395858804,"Mega Eletrônicos Paraguai",,74,"03/04/2026 14:29",,,04/20/2026,0,0,0,2.496,1.248,0,0,0,0,0,0,0,0,2.496,,1.248,0,0,0,0,0,0,,
1347511050749452,,606604395858804,"Mega Eletrônicos Paraguai",,74,"03/04/2026 14:29",,,04/21/2026,2,0,0,2.921,1.46,0,0,0,0,0,0,0,0,,2.921,0,0,1.4605,0,0,0,0,,
1347511050749452,,606604395858804,"Mega Eletrônicos Paraguai",,74,"03/04/2026 14:29",,,04/22/2026,1,2,0,63.218,31.609,2,0,0,2,0,0,0,0,3.995,59.223,3.995,0,59.223,0,0,0,0,,
2472117393209123,,606604395858804,"Mega Eletrônicos Paraguai",,74,"03/03/2026 12:53",,,04/16/2026,2,2,0,13.253,4.417,2,0,0,2,0,0,0,0,11.593,1.66,5.7965,0,1.66,0,0,0,0,,
2472117393209123,,606604395858804,"Mega Eletrônicos Paraguai",,74,"03/03/2026 12:53",,,04/17/2026,2,0,0,3.777,1.888,0,0,0,0,0,0,0,0,1.435,2.342,1.435,0,2.342,0,0,0,0,,
2472117393209123,,606604395858804,"Mega Eletrônicos Paraguai",,74,"03/03/2026 12:53",,,04/18/2026,1,0,0,0.023,0.023,0,0,0,0,0,0,0,0,0.023,,0.023,0,0,0,0,0,0,,
2472117393209123,,606604395858804,"Mega Eletrônicos Paraguai",,74,"03/03/2026 12:53",,,04/19/2026,4,1,1,77.977,19.494,1,1,0,1,0,0,0,0,77.977,,19.49425,0,0,0,0,0,0,,1
2472117393209123,,606604395858804,"Mega Eletrônicos Paraguai",,74,"03/03/2026 12:53",,,04/20/2026,1,1,0,9.398,9.398,1,0,0,1,0,0,0,0,,9.398,0,0,9.398,0,0,0,0,,
2472117393209123,,606604395858804,"Mega Eletrônicos Paraguai",,74,"03/03/2026 12:53",,,04/21/2026,2,0,0,2.838,1.419,0,0,0,0,0,0,0,0,,2.838,0,0,1.419,0,0,0,0,,
2472117393209123,,606604395858804,"Mega Eletrônicos Paraguai",,74,"03/03/2026 12:53",,,04/22/2026,0,0,0,0,0,0,0,0,0,0,0,0,0,,,0,0,0,0,0,0,0,,
1690147725483898,,606604395858804,"Mega Eletrônicos Paraguai","3 opções de notebooks perfeitas para estudantes 🤩",47,"03/03/2026 07:23",,,04/16/2026,1,0,0,0,0,0,0,0,0,0,0,0,0,,,0,0,0,0,0,0,0,,
1690147725483898,,606604395858804,"Mega Eletrônicos Paraguai","3 opções de notebooks perfeitas para estudantes 🤩",47,"03/03/2026 07:23",,,04/17/2026,2,2,0,89.795,44.897,2,0,0,2,0,0,0,0,55.341,34.454,55.341,0,34.454,0,0,0,0,,
1690147725483898,,606604395858804,"Mega Eletrônicos Paraguai","3 opções de notebooks perfeitas para estudantes 🤩",47,"03/03/2026 07:23",,,04/18/2026,1,0,0,0.022,0.022,0,0,0,0,0,0,0,0,0.022,,0.022,0,0,0,0,0,0,,
1690147725483898,,606604395858804,"Mega Eletrônicos Paraguai","3 opções de notebooks perfeitas para estudantes 🤩",47,"03/03/2026 07:23",,,04/19/2026,4,1,0,7.038,2.346,1,0,0,1,0,0,0,0,7.038,,2.346,0,0,0,0,0,0,,
1690147725483898,,606604395858804,"Mega Eletrônicos Paraguai","3 opções de notebooks perfeitas para estudantes 🤩",47,"03/03/2026 07:23",,,04/20/2026,0,0,0,0,0,0,0,0,0,0,0,0,0,,,0,0,0,0,0,0,0,,
1690147725483898,,606604395858804,"Mega Eletrônicos Paraguai","3 opções de notebooks perfeitas para estudantes 🤩",47,"03/03/2026 07:23",,,04/21/2026,2,0,0,2.953,1.476,0,0,0,0,0,0,0,0,,2.953,0,0,1.4765,0,0,0,0,,
1690147725483898,,606604395858804,"Mega Eletrônicos Paraguai","3 opções de notebooks perfeitas para estudantes 🤩",47,"03/03/2026 07:23",,,04/22/2026,0,0,0,0,0,0,0,0,0,0,0,0,0,,,0,0,0,0,0,0,0,,
2383530305406465,,606604395858804,"Mega Eletrônicos Paraguai",,48,"03/01/2026 07:04",,,04/16/2026,0,0,0,0,0,0,0,0,0,0,0,0,0,,,0,0,0,0,0,0,0,,
2383530305406465,,606604395858804,"Mega Eletrônicos Paraguai",,48,"03/01/2026 07:04",,,04/17/2026,2,2,0,65.964,32.982,2,0,0,2,0,0,0,0,17.122,48.842,17.122,0,48.842,0,0,0,0,,
2383530305406465,,606604395858804,"Mega Eletrônicos Paraguai",,48,"03/01/2026 07:04",,,04/18/2026,1,0,0,0.085,0.042,0,0,0,0,0,0,0,0,0.044,0.041,0.044,0,0.041,0,0,0,0,,
2383530305406465,,606604395858804,"Mega Eletrônicos Paraguai",,48,"03/01/2026 07:04",,,04/19/2026,3,1,0,8.065,2.688,1,0,0,1,0,0,0,0,8.065,,2.6883333333333,0,0,0,0,0,0,,
2383530305406465,,606604395858804,"Mega Eletrônicos Paraguai",,48,"03/01/2026 07:04",,,04/20/2026,0,0,0,0,0,0,0,0,0,0,0,0,0,,,0,0,0,0,0,0,0,,
2383530305406465,,606604395858804,"Mega Eletrônicos Paraguai",,48,"03/01/2026 07:04",,,04/21/2026,2,0,0,2.842,1.421,0,0,0,0,0,0,0,0,,2.842,0,0,1.421,0,0,0,0,,
2383530305406465,,606604395858804,"Mega Eletrônicos Paraguai",,48,"03/01/2026 07:04",,,04/22/2026,0,0,0,0,0,0,0,0,0,0,0,0,0,,,0,0,0,0,0,0,0,,
1370486668165153,,606604395858804,"Mega Eletrônicos Paraguai",,14,"02/27/2026 06:37",,,04/16/2026,0,0,0,0,0,0,0,0,0,0,0,0,0,,,0,0,0,0,0,0,0,,
1370486668165153,,606604395858804,"Mega Eletrônicos Paraguai",,14,"02/27/2026 06:37",,,04/17/2026,2,1,0,10.103,5.051,1,0,0,1,0,0,0,0,0.817,9.286,0.817,0,9.286,0,0,0,0,,
1370486668165153,,606604395858804,"Mega Eletrônicos Paraguai",,14,"02/27/2026 06:37",,,04/18/2026,1,0,0,0.459,0.459,0,0,0,0,0,0,0,0,0.459,,0.459,0,0,0,0,0,0,,
1370486668165153,,606604395858804,"Mega Eletrônicos Paraguai",,14,"02/27/2026 06:37",,,04/19/2026,3,1,0,22.099,7.366,1,0,0,1,0,0,0,0,22.099,,7.3663333333333,0,0,0,0,0,0,,
1370486668165153,,606604395858804,"Mega Eletrônicos Paraguai",,14,"02/27/2026 06:37",,,04/20/2026,0,0,0,0,0,0,0,0,0,0,0,0,0,,,0,0,0,0,0,0,0,,
1370486668165153,,606604395858804,"Mega Eletrônicos Paraguai",,14,"02/27/2026 06:37",,,04/21/2026,2,0,0,4.549,2.274,0,0,0,0,0,0,0,0,,4.549,0,0,2.2745,0,0,0,0,,
1370486668165153,,606604395858804,"Mega Eletrônicos Paraguai",,14,"02/27/2026 06:37",,,04/22/2026,0,0,0,0,0,0,0,0,0,0,0,0,0,,,0,0,0,0,0,0,0,,
1635018247678416,,606604395858804,"Mega Eletrônicos Paraguai",,16,"02/26/2026 06:25",,,04/16/2026,0,0,0,0,0,0,0,0,0,0,0,0,0,,,0,0,0,0,0,0,0,,
1635018247678416,,606604395858804,"Mega Eletrônicos Paraguai",,16,"02/26/2026 06:25",,,04/17/2026,2,0,0,3.5,1.75,0,0,0,0,0,0,0,0,1.171,2.329,1.171,0,2.329,0,0,0,0,,
1635018247678416,,606604395858804,"Mega Eletrônicos Paraguai",,16,"02/26/2026 06:25",,,04/18/2026,2,1,0,8.715,4.357,1,0,0,1,0,0,0,0,0.354,8.361,0.354,0,8.361,0,0,0,0,,
1635018247678416,,606604395858804,"Mega Eletrônicos Paraguai",,16,"02/26/2026 06:25",,,04/19/2026,2,1,0,22.457,11.228,1,0,0,1,0,0,0,0,22.457,,11.2285,0,0,0,0,0,0,,
1635018247678416,,606604395858804,"Mega Eletrônicos Paraguai",,16,"02/26/2026 06:25",,,04/20/2026,0,0,0,0,0,0,0,0,0,0,0,0,0,,,0,0,0,0,0,0,0,,
1635018247678416,,606604395858804,"Mega Eletrônicos Paraguai",,16,"02/26/2026 06:25",,,04/21/2026,2,0,0,3.945,1.972,0,0,0,0,0,0,0,0,,3.945,0,0,1.9725,0,0,0,0,,
1635018247678416,,606604395858804,"Mega Eletrônicos Paraguai",,16,"02/26/2026 06:25",,,04/22/2026,0,0,0,0,0,0,0,0,0,0,0,0,0,,,0,0,0,0,0,0,0,,
2656164668082148,,606604395858804,"Mega Eletrônicos Paraguai",,53,"01/30/2026 04:30",,,04/16/2026,0,0,0,0,0,0,0,0,0,0,0,0,0,,,0,0,0,0,0,0,0,,
2656164668082148,,606604395858804,"Mega Eletrônicos Paraguai",,53,"01/30/2026 04:30",,,04/17/2026,3,3,0,211.592,52.898,3,0,0,3,0,0,0,0,147.768,63.824,73.884,0,31.912,0,0,0,0,,
2656164668082148,,606604395858804,"Mega Eletrônicos Paraguai",,53,"01/30/2026 04:30",,,04/18/2026,1,0,0,0.998,0.998,0,0,0,0,0,0,0,0,0.998,,0.998,0,0,0,0,0,0,,
2656164668082148,,606604395858804,"Mega Eletrônicos Paraguai",,53,"01/30/2026 04:30",,,04/19/2026,1,1,0,4.812,4.812,1,0,0,1,0,0,0,0,4.812,,4.812,0,0,0,0,0,0,,
2656164668082148,,606604395858804,"Mega Eletrônicos Paraguai",,53,"01/30/2026 04:30",,,04/20/2026,0,0,0,3.83,1.915,0,0,0,0,0,0,0,0,3.83,,1.915,0,0,0,0,0,0,,
2656164668082148,,606604395858804,"Mega Eletrônicos Paraguai",,53,"01/30/2026 04:30",,,04/21/2026,0,0,0,0,0,0,0,0,0,0,0,0,0,,,0,0,0,0,0,0,0,,
2656164668082148,,606604395858804,"Mega Eletrônicos Paraguai",,53,"01/30/2026 04:30",,,04/22/2026,0,0,0,0,0,0,0,0,0,0,0,0,0,,,0,0,0,0,0,0,0,,
1572754613849555,,606604395858804,"Mega Eletrônicos Paraguai",,54,"12/11/2025 13:00",,,04/16/2026,0,0,0,0,0,0,0,0,0,0,0,0,0,,,0,0,0,0,0,0,0,,
1572754613849555,,606604395858804,"Mega Eletrônicos Paraguai",,54,"12/11/2025 13:00",,,04/17/2026,0,0,0,0,0,0,0,0,0,0,0,0,0,,,0,0,0,0,0,0,0,,
1572754613849555,,606604395858804,"Mega Eletrônicos Paraguai",,54,"12/11/2025 13:00",,,04/18/2026,1,0,0,0.107,0.107,0,0,0,0,0,0,0,0,0.107,,0.107,0,0,0,0,0,0,,
1572754613849555,,606604395858804,"Mega Eletrônicos Paraguai",,54,"12/11/2025 13:00",,,04/19/2026,1,1,0,55.67,55.67,1,0,0,1,0,0,0,0,55.67,,55.67,0,0,0,0,0,0,,
1572754613849555,,606604395858804,"Mega Eletrônicos Paraguai",,54,"12/11/2025 13:00",,,04/20/2026,0,0,0,0,0,0,0,0,0,0,0,0,0,,,0,0,0,0,0,0,0,,
1572754613849555,,606604395858804,"Mega Eletrônicos Paraguai",,54,"12/11/2025 13:00",,,04/21/2026,0,0,0,0,0,0,0,0,0,0,0,0,0,,,0,0,0,0,0,0,0,,
1572754613849555,,606604395858804,"Mega Eletrônicos Paraguai",,54,"12/11/2025 13:00",,,04/22/2026,0,0,0,0,0,0,0,0,0,0,0,0,0,,,0,0,0,0,0,0,0,,
4318508048370333,,606604395858804,"Mega Eletrônicos Paraguai",,66,"11/22/2025 13:01",,,04/16/2026,0,0,0,0,0,0,0,0,0,0,0,0,0,,,0,0,0,0,0,0,0,,
4318508048370333,,606604395858804,"Mega Eletrônicos Paraguai",,66,"11/22/2025 13:01",,,04/17/2026,0,0,0,0,0,0,0,0,0,0,0,0,0,,,0,0,0,0,0,0,0,,
4318508048370333,,606604395858804,"Mega Eletrônicos Paraguai",,66,"11/22/2025 13:01",,,04/18/2026,1,0,0,0.437,0.437,0,0,0,0,0,0,0,0,0.437,,0.437,0,0,0,0,0,0,,
4318508048370333,,606604395858804,"Mega Eletrônicos Paraguai",,66,"11/22/2025 13:01",,,04/19/2026,1,0,0,1.889,1.889,0,0,0,0,0,0,0,0,1.889,,1.889,0,0,0,0,0,0,,
4318508048370333,,606604395858804,"Mega Eletrônicos Paraguai",,66,"11/22/2025 13:01",,,04/20/2026,0,0,0,0,0,0,0,0,0,0,0,0,0,,,0,0,0,0,0,0,0,,
4318508048370333,,606604395858804,"Mega Eletrônicos Paraguai",,66,"11/22/2025 13:01",,,04/21/2026,0,0,0,0,0,0,0,0,0,0,0,0,0,,,0,0,0,0,0,0,0,,
4318508048370333,,606604395858804,"Mega Eletrônicos Paraguai",,66,"11/22/2025 13:01",,,04/22/2026,0,0,0,0,0,0,0,0,0,0,0,0,0,,,0,0,0,0,0,0,0,,
767052829639139,,606604395858804,"Mega Eletrônicos Paraguai",,20,"09/24/2025 14:01",,,04/16/2026,0,0,0,0,0,0,0,0,0,0,0,0,0,,,0,0,0,0,0,0,0,,
767052829639139,,606604395858804,"Mega Eletrônicos Paraguai",,20,"09/24/2025 14:01",,,04/17/2026,0,0,0,0,0,0,0,0,0,0,0,0,0,,,0,0,0,0,0,0,0,,
767052829639139,,606604395858804,"Mega Eletrônicos Paraguai",,20,"09/24/2025 14:01",,,04/18/2026,0,0,0,0,0,0,0,0,0,0,0,0,0,,,0,0,0,0,0,0,0,,
767052829639139,,606604395858804,"Mega Eletrônicos Paraguai",,20,"09/24/2025 14:01",,,04/19/2026,1,0,0,1.432,1.432,0,0,0,0,0,0,0,0,1.432,,1.432,0,0,0,0,0,0,,
767052829639139,,606604395858804,"Mega Eletrônicos Paraguai",,20,"09/24/2025 14:01",,,04/20/2026,0,0,0,0,0,0,0,0,0,0,0,0,0,,,0,0,0,0,0,0,0,,
767052829639139,,606604395858804,"Mega Eletrônicos Paraguai",,20,"09/24/2025 14:01",,,04/21/2026,0,1,0,19.356,19.356,1,0,0,1,0,0,0,0,19.356,,19.356,0,0,0,0,0,0,,
767052829639139,,606604395858804,"Mega Eletrônicos Paraguai",,20,"09/24/2025 14:01",,,04/22/2026,0,1,0,19.386,19.386,1,0,0,1,0,0,0,0,19.386,,19.386,0,0,0,0,0,0,,
1099256438804112,,606604395858804,"Mega Eletrônicos Paraguai",,9,"07/31/2025 08:06",,,04/16/2026,0,0,0,0,0,0,0,0,0,0,0,0,0,,,0,0,0,0,0,0,0,,
1099256438804112,,606604395858804,"Mega Eletrônicos Paraguai",,9,"07/31/2025 08:06",,,04/17/2026,0,0,0,0,0,0,0,0,0,0,0,0,0,,,0,0,0,0,0,0,0,,
1099256438804112,,606604395858804,"Mega Eletrônicos Paraguai",,9,"07/31/2025 08:06",,,04/18/2026,0,0,0,0,0,0,0,0,0,0,0,0,0,,,0,0,0,0,0,0,0,,
1099256438804112,,606604395858804,"Mega Eletrônicos Paraguai",,9,"07/31/2025 08:06",,,04/19/2026,0,0,0,0.687,0.687,0,0,0,0,0,0,0,0,0.687,,0.687,0,0,0,0,0,0,,
1099256438804112,,606604395858804,"Mega Eletrônicos Paraguai",,9,"07/31/2025 08:06",,,04/20/2026,0,0,0,0,0,0,0,0,0,0,0,0,0,,,0,0,0,0,0,0,0,,
1099256438804112,,606604395858804,"Mega Eletrônicos Paraguai",,9,"07/31/2025 08:06",,,04/21/2026,0,0,0,0,0,0,0,0,0,0,0,0,0,,,0,0,0,0,0,0,0,,
1099256438804112,,606604395858804,"Mega Eletrônicos Paraguai",,9,"07/31/2025 08:06",,,04/22/2026,0,0,0,0,0,0,0,0,0,0,0,0,0,,,0,0,0,0,0,0,0,,
